date,total_trades,total_volume_usd,avg_execution_price,median_fee,unique_accounts,avg_closed_pnl,win_rate,value,classification,sentiment_group
2023-05-01,3.0,477.0,1898.1333333333332,0.0,1.0,0.0,0.0,63.0,Greed,Greed
2023-05-02,,,,,,,,63.0,Greed,Greed
2023-05-03,,,,,,,,63.0,Greed,Greed
2023-05-04,,,,,,,,63.0,Greed,Greed
2023-05-05,,,,,,,,63.0,Greed,Greed
2023-05-06,,,,,,,,63.0,Greed,Greed
2023-05-07,,,,,,,,63.0,Greed,Greed
2023-05-08,,,,,,,,63.0,Greed,Greed
2023-05-09,,,,,,,,63.0,Greed,Greed
2023-05-10,,,,,,,,63.0,Greed,Greed
2023-05-11,,,,,,,,63.0,Greed,Greed
2023-05-12,,,,,,,,63.0,Greed,Greed
2023-05-13,,,,,,,,63.0,Greed,Greed
2023-05-14,,,,,,,,63.0,Greed,Greed
2023-05-15,,,,,,,,63.0,Greed,Greed
2023-05-16,,,,,,,,63.0,Greed,Greed
2023-05-17,,,,,,,,63.0,Greed,Greed
2023-05-18,,,,,,,,63.0,Greed,Greed
2023-05-19,,,,,,,,63.0,Greed,Greed
2023-05-20,,,,,,,,63.0,Greed,Greed
2023-05-21,,,,,,,,63.0,Greed,Greed
2023-05-22,,,,,,,,63.0,Greed,Greed
2023-05-23,,,,,,,,63.0,Greed,Greed
2023-05-24,,,,,,,,63.0,Greed,Greed
2023-05-25,,,,,,,,63.0,Greed,Greed
2023-05-26,,,,,,,,63.0,Greed,Greed
2023-05-27,,,,,,,,63.0,Greed,Greed
2023-05-28,,,,,,,,63.0,Greed,Greed
2023-05-29,,,,,,,,63.0,Greed,Greed
2023-05-30,,,,,,,,63.0,Greed,Greed
2023-05-31,,,,,,,,63.0,Greed,Greed
2023-06-01,,,,,,,,63.0,Greed,Greed
2023-06-02,,,,,,,,63.0,Greed,Greed
2023-06-03,,,,,,,,63.0,Greed,Greed
2023-06-04,,,,,,,,63.0,Greed,Greed
2023-06-05,,,,,,,,63.0,Greed,Greed
2023-06-06,,,,,,,,63.0,Greed,Greed
2023-06-07,,,,,,,,63.0,Greed,Greed
2023-06-08,,,,,,,,63.0,Greed,Greed
2023-06-09,,,,,,,,63.0,Greed,Greed
2023-06-10,,,,,,,,63.0,Greed,Greed
2023-06-11,,,,,,,,63.0,Greed,Greed
2023-06-12,,,,,,,,63.0,Greed,Greed
2023-06-13,,,,,,,,63.0,Greed,Greed
2023-06-14,,,,,,,,63.0,Greed,Greed
2023-06-15,,,,,,,,63.0,Greed,Greed
2023-06-16,,,,,,,,63.0,Greed,Greed
2023-06-17,,,,,,,,63.0,Greed,Greed
2023-06-18,,,,,,,,63.0,Greed,Greed
2023-06-19,,,,,,,,63.0,Greed,Greed
2023-06-20,,,,,,,,63.0,Greed,Greed
2023-06-21,,,,,,,,63.0,Greed,Greed
2023-06-22,,,,,,,,63.0,Greed,Greed
2023-06-23,,,,,,,,63.0,Greed,Greed
2023-06-24,,,,,,,,63.0,Greed,Greed
2023-06-25,,,,,,,,63.0,Greed,Greed
2023-06-26,,,,,,,,63.0,Greed,Greed
2023-06-27,,,,,,,,63.0,Greed,Greed
2023-06-28,,,,,,,,63.0,Greed,Greed
2023-06-29,,,,,,,,63.0,Greed,Greed
2023-06-30,,,,,,,,63.0,Greed,Greed
2023-07-01,,,,,,,,63.0,Greed,Greed
2023-07-02,,,,,,,,63.0,Greed,Greed
2023-07-03,,,,,,,,63.0,Greed,Greed
2023-07-04,,,,,,,,63.0,Greed,Greed
2023-07-05,,,,,,,,63.0,Greed,Greed
2023-07-06,,,,,,,,63.0,Greed,Greed
2023-07-07,,,,,,,,63.0,Greed,Greed
2023-07-08,,,,,,,,63.0,Greed,Greed
2023-07-09,,,,,,,,63.0,Greed,Greed
2023-07-10,,,,,,,,63.0,Greed,Greed
2023-07-11,,,,,,,,63.0,Greed,Greed
2023-07-12,,,,,,,,63.0,Greed,Greed
2023-07-13,,,,,,,,63.0,Greed,Greed
2023-07-14,,,,,,,,63.0,Greed,Greed
2023-07-15,,,,,,,,63.0,Greed,Greed
2023-07-16,,,,,,,,63.0,Greed,Greed
2023-07-17,,,,,,,,63.0,Greed,Greed
2023-07-18,,,,,,,,63.0,Greed,Greed
2023-07-19,,,,,,,,63.0,Greed,Greed
2023-07-20,,,,,,,,63.0,Greed,Greed
2023-07-21,,,,,,,,63.0,Greed,Greed
2023-07-22,,,,,,,,63.0,Greed,Greed
2023-07-23,,,,,,,,63.0,Greed,Greed
2023-07-24,,,,,,,,63.0,Greed,Greed
2023-07-25,,,,,,,,63.0,Greed,Greed
2023-07-26,,,,,,,,63.0,Greed,Greed
2023-07-27,,,,,,,,63.0,Greed,Greed
2023-07-28,,,,,,,,63.0,Greed,Greed
2023-07-29,,,,,,,,63.0,Greed,Greed
2023-07-30,,,,,,,,63.0,Greed,Greed
2023-07-31,,,,,,,,63.0,Greed,Greed
2023-08-01,,,,,,,,63.0,Greed,Greed
2023-08-02,,,,,,,,63.0,Greed,Greed
2023-08-03,,,,,,,,63.0,Greed,Greed
2023-08-04,,,,,,,,63.0,Greed,Greed
2023-08-05,,,,,,,,63.0,Greed,Greed
2023-08-06,,,,,,,,63.0,Greed,Greed
2023-08-07,,,,,,,,63.0,Greed,Greed
2023-08-08,,,,,,,,63.0,Greed,Greed
2023-08-09,,,,,,,,63.0,Greed,Greed
2023-08-10,,,,,,,,63.0,Greed,Greed
2023-08-11,,,,,,,,63.0,Greed,Greed
2023-08-12,,,,,,,,63.0,Greed,Greed
2023-08-13,,,,,,,,63.0,Greed,Greed
2023-08-14,,,,,,,,63.0,Greed,Greed
2023-08-15,,,,,,,,63.0,Greed,Greed
2023-08-16,,,,,,,,63.0,Greed,Greed
2023-08-17,,,,,,,,63.0,Greed,Greed
2023-08-18,,,,,,,,63.0,Greed,Greed
2023-08-19,,,,,,,,63.0,Greed,Greed
2023-08-20,,,,,,,,63.0,Greed,Greed
2023-08-21,,,,,,,,63.0,Greed,Greed
2023-08-22,,,,,,,,63.0,Greed,Greed
2023-08-23,,,,,,,,63.0,Greed,Greed
2023-08-24,,,,,,,,63.0,Greed,Greed
2023-08-25,,,,,,,,63.0,Greed,Greed
2023-08-26,,,,,,,,63.0,Greed,Greed
2023-08-27,,,,,,,,63.0,Greed,Greed
2023-08-28,,,,,,,,63.0,Greed,Greed
2023-08-29,,,,,,,,63.0,Greed,Greed
2023-08-30,,,,,,,,63.0,Greed,Greed
2023-08-31,,,,,,,,63.0,Greed,Greed
2023-09-01,,,,,,,,63.0,Greed,Greed
2023-09-02,,,,,,,,63.0,Greed,Greed
2023-09-03,,,,,,,,63.0,Greed,Greed
2023-09-04,,,,,,,,63.0,Greed,Greed
2023-09-05,,,,,,,,63.0,Greed,Greed
2023-09-06,,,,,,,,63.0,Greed,Greed
2023-09-07,,,,,,,,63.0,Greed,Greed
2023-09-08,,,,,,,,63.0,Greed,Greed
2023-09-09,,,,,,,,63.0,Greed,Greed
2023-09-10,,,,,,,,63.0,Greed,Greed
2023-09-11,,,,,,,,63.0,Greed,Greed
2023-09-12,,,,,,,,63.0,Greed,Greed
2023-09-13,,,,,,,,63.0,Greed,Greed
2023-09-14,,,,,,,,63.0,Greed,Greed
2023-09-15,,,,,,,,63.0,Greed,Greed
2023-09-16,,,,,,,,63.0,Greed,Greed
2023-09-17,,,,,,,,63.0,Greed,Greed
2023-09-18,,,,,,,,63.0,Greed,Greed
2023-09-19,,,,,,,,63.0,Greed,Greed
2023-09-20,,,,,,,,63.0,Greed,Greed
2023-09-21,,,,,,,,63.0,Greed,Greed
2023-09-22,,,,,,,,63.0,Greed,Greed
2023-09-23,,,,,,,,63.0,Greed,Greed
2023-09-24,,,,,,,,63.0,Greed,Greed
2023-09-25,,,,,,,,63.0,Greed,Greed
2023-09-26,,,,,,,,63.0,Greed,Greed
2023-09-27,,,,,,,,63.0,Greed,Greed
2023-09-28,,,,,,,,63.0,Greed,Greed
2023-09-29,,,,,,,,63.0,Greed,Greed
2023-09-30,,,,,,,,63.0,Greed,Greed
2023-10-01,,,,,,,,63.0,Greed,Greed
2023-10-02,,,,,,,,63.0,Greed,Greed
2023-10-03,,,,,,,,63.0,Greed,Greed
2023-10-04,,,,,,,,63.0,Greed,Greed
2023-10-05,,,,,,,,63.0,Greed,Greed
2023-10-06,,,,,,,,63.0,Greed,Greed
2023-10-07,,,,,,,,63.0,Greed,Greed
2023-10-08,,,,,,,,63.0,Greed,Greed
2023-10-09,,,,,,,,63.0,Greed,Greed
2023-10-10,,,,,,,,63.0,Greed,Greed
2023-10-11,,,,,,,,63.0,Greed,Greed
2023-10-12,,,,,,,,63.0,Greed,Greed
2023-10-13,,,,,,,,63.0,Greed,Greed
2023-10-14,,,,,,,,63.0,Greed,Greed
2023-10-15,,,,,,,,63.0,Greed,Greed
2023-10-16,,,,,,,,63.0,Greed,Greed
2023-10-17,,,,,,,,63.0,Greed,Greed
2023-10-18,,,,,,,,63.0,Greed,Greed
2023-10-19,,,,,,,,63.0,Greed,Greed
2023-10-20,,,,,,,,63.0,Greed,Greed
2023-10-21,,,,,,,,63.0,Greed,Greed
2023-10-22,,,,,,,,63.0,Greed,Greed
2023-10-23,,,,,,,,63.0,Greed,Greed
2023-10-24,,,,,,,,63.0,Greed,Greed
2023-10-25,,,,,,,,63.0,Greed,Greed
2023-10-26,,,,,,,,63.0,Greed,Greed
2023-10-27,,,,,,,,63.0,Greed,Greed
2023-10-28,,,,,,,,63.0,Greed,Greed
2023-10-29,,,,,,,,63.0,Greed,Greed
2023-10-30,,,,,,,,63.0,Greed,Greed
2023-10-31,,,,,,,,63.0,Greed,Greed
2023-11-01,,,,,,,,63.0,Greed,Greed
2023-11-02,,,,,,,,63.0,Greed,Greed
2023-11-03,,,,,,,,63.0,Greed,Greed
2023-11-04,,,,,,,,63.0,Greed,Greed
2023-11-05,,,,,,,,63.0,Greed,Greed
2023-11-06,,,,,,,,63.0,Greed,Greed
2023-11-07,,,,,,,,63.0,Greed,Greed
2023-11-08,,,,,,,,63.0,Greed,Greed
2023-11-09,,,,,,,,63.0,Greed,Greed
2023-11-10,,,,,,,,63.0,Greed,Greed
2023-11-11,,,,,,,,63.0,Greed,Greed
2023-11-12,,,,,,,,63.0,Greed,Greed
2023-11-13,,,,,,,,63.0,Greed,Greed
2023-11-14,,,,,,,,63.0,Greed,Greed
2023-11-15,,,,,,,,63.0,Greed,Greed
2023-11-16,,,,,,,,63.0,Greed,Greed
2023-11-17,,,,,,,,63.0,Greed,Greed
2023-11-18,,,,,,,,63.0,Greed,Greed
2023-11-19,,,,,,,,63.0,Greed,Greed
2023-11-20,,,,,,,,63.0,Greed,Greed
2023-11-21,,,,,,,,63.0,Greed,Greed
2023-11-22,,,,,,,,63.0,Greed,Greed
2023-11-23,,,,,,,,63.0,Greed,Greed
2023-11-24,,,,,,,,63.0,Greed,Greed
2023-11-25,,,,,,,,63.0,Greed,Greed
2023-11-26,,,,,,,,63.0,Greed,Greed
2023-11-27,,,,,,,,63.0,Greed,Greed
2023-11-28,,,,,,,,63.0,Greed,Greed
2023-11-29,,,,,,,,63.0,Greed,Greed
2023-11-30,,,,,,,,63.0,Greed,Greed
2023-12-01,,,,,,,,63.0,Greed,Greed
2023-12-02,,,,,,,,63.0,Greed,Greed
2023-12-03,,,,,,,,63.0,Greed,Greed
2023-12-04,,,,,,,,63.0,Greed,Greed
2023-12-05,9.0,50005.83,11038.3,0.483987,1.0,0.0,0.0,75.0,Extreme Greed,Greed
2023-12-06,,,,,,,,75.0,Extreme Greed,Greed
2023-12-07,,,,,,,,75.0,Extreme Greed,Greed
2023-12-08,,,,,,,,75.0,Extreme Greed,Greed
2023-12-09,,,,,,,,75.0,Extreme Greed,Greed
2023-12-10,,,,,,,,75.0,Extreme Greed,Greed
2023-12-11,,,,,,,,75.0,Extreme Greed,Greed
2023-12-12,,,,,,,,75.0,Extreme Greed,Greed
2023-12-13,,,,,,,,75.0,Extreme Greed,Greed
2023-12-14,11.0,113203.35,8031.868818181818,2.169319,1.0,-18.675885181818188,0.36363636363636365,72.0,Greed,Greed
2023-12-15,2.0,10609.95,2.982,1.3262445,1.0,-12.316016999999999,0.0,70.0,Greed,Greed
2023-12-16,3.0,15348.77,0.3847066666666667,1.170034,1.0,0.0,0.0,67.0,Greed,Greed
2023-12-17,14.0,116278.02,802.5418592857143,1.3420045,1.0,21.78448464285714,0.5,73.0,Greed,Greed
2023-12-18,2.0,31164.179999999997,2178.1000000000004,3.8955225,1.0,0.0,0.0,65.0,Greed,Greed
2023-12-19,15.0,91602.41,447.8019113333333,1.182167,1.0,66.70257413333334,0.6666666666666666,73.0,Greed,Greed
2023-12-20,18.0,141636.79,6.722871666666666,1.9217335000000002,1.0,9.040682333333333,0.4444444444444444,74.0,Greed,Greed
2023-12-21,49.0,125233.97,91.84020408163265,0.545611,1.0,10.963498000000001,0.5306122448979592,70.0,Greed,Greed
2023-12-22,10.0,88874.28,30692.8325,1.5285685,1.0,14.1832675,0.2,74.0,Greed,Greed
2023-12-23,13.0,78438.25,3.0702846153846153,1.520957,1.0,11.302823384615383,0.6153846153846154,70.0,Greed,Greed
2023-12-24,39.0,402954.94,13680.54118025641,1.143631,1.0,25.862050153846155,0.38461538461538464,71.0,Greed,Greed
2023-12-25,3.0,59948.51,2275.4,7.269724,1.0,-81.69378266666666,0.0,73.0,Greed,Greed
2023-12-26,,,,,,,,73.0,Greed,Greed
2023-12-27,28.0,171411.06,0.37319214285714286,1.3560365,1.0,-25.174615249999995,0.14285714285714285,73.0,Greed,Greed
2023-12-28,23.0,100117.25,0.4032943478260869,0.976971,1.0,-42.20569026086957,0.0,73.0,Greed,Greed
2023-12-29,50.0,569559.72,3836.17816,2.1568005,1.0,10.178442859999999,0.3,65.0,Greed,Greed
2023-12-30,52.0,702550.21,13421.615271153847,1.1537525,1.0,6.826897076923077,0.4423076923076923,68.0,Greed,Greed
2023-12-31,,,,,,,,68.0,Greed,Greed
2024-01-01,18.0,264239.52999999997,10373.330666666667,2.3040225000000003,1.0,-7.196192222222223,0.05555555555555555,65.0,Greed,Greed
2024-01-02,17.0,121348.74,10199.892598764705,0.609844,1.0,46.11641858823529,0.47058823529411764,71.0,Greed,Greed
2024-01-03,67.0,394499.36,738.8837898507463,0.525694,1.0,12.925604582089552,0.417910447761194,70.0,Greed,Greed
2024-01-04,5.0,99792.54000000001,2212.62,0.833998,1.0,-13.520728,0.0,68.0,Greed,Greed
2024-01-05,66.0,1703942.66,30495.46818181818,1.0644500000000001,1.0,2.486993409090909,0.19696969696969696,72.0,Greed,Greed
2024-01-06,22.0,298521.4,6586.107318181818,1.838382,1.0,6.16280290909091,0.45454545454545453,70.0,Greed,Greed
2024-01-07,97.0,1048850.06,7513.911021649485,0.750985,1.0,-8.615270463917525,0.09278350515463918,71.0,Greed,Greed
2024-01-08,128.0,1522452.43,15078.63093734375,0.462561,1.0,-2.1083940546875,0.25,71.0,Greed,Greed
2024-01-09,70.0,870051.97,14127.109546714286,0.9849755,1.0,-11.804998042857143,0.2571428571428571,76.0,Extreme Greed,Greed
2024-01-10,193.0,2057479.48,12914.76879230052,0.024713,1.0,-7.860576901554404,0.21243523316062177,73.0,Greed,Greed
2024-01-11,21.0,305314.1,12141.70542857143,1.251362,2.0,-7.813785761904761,0.23809523809523808,76.0,Extreme Greed,Greed
2024-01-12,7.0,200082.27,39774.47142857143,10.936369,1.0,-275.0741462857143,0.0,71.0,Greed,Greed
2024-01-13,,,,,,,,71.0,Greed,Greed
2024-01-14,,,,,,,,71.0,Greed,Greed
2024-01-15,14.0,50636.1,16738.085714285717,0.0047815,2.0,10.918112857142857,0.6428571428571429,52.0,Neutral,Neutral
2024-01-16,9.0,116427.33,19105.61008888889,0.53284,2.0,-255.4634953333333,0.3333333333333333,64.0,Greed,Greed
2024-01-17,53.0,800831.03,20112.302,0.324567,1.0,15.344794547169812,0.20754716981132076,60.0,Greed,Greed
2024-01-18,46.0,424631.52999999997,24363.11304347826,0.0069665,1.0,1.4985476086956522,0.06521739130434782,63.0,Greed,Greed
2024-01-19,48.0,428428.97,14421.93125,0.349028,2.0,-8.029567395833334,0.125,51.0,Neutral,Neutral
2024-01-20,106.0,1070090.51,14671.724672933962,0.541785,1.0,-1.3827817924528305,0.14150943396226415,52.0,Neutral,Neutral
2024-01-21,11.0,103129.74,19141.940333454546,0.468747,1.0,24.234649636363642,0.2727272727272727,56.0,Greed,Greed
2024-01-22,85.0,337878.99,6179.383261176471,0.010225,2.0,16.18401128235294,0.27058823529411763,55.0,Greed,Greed
2024-01-23,45.0,414518.93000000005,11768.913676111111,0.084864,1.0,-8.20543844444444,0.24444444444444444,50.0,Neutral,Neutral
2024-01-24,68.0,965084.59,16861.48394732353,0.879444,1.0,-41.29932080882353,0.14705882352941177,48.0,Neutral,Neutral
2024-01-25,6.0,66566.13,87.95416666666667,2.5952085,1.0,-515.6048975,0.0,52.0,Neutral,Neutral
2024-01-26,5.0,11773.21,0.1198688,0.070841,2.0,18.04,0.2,49.0,Neutral,Neutral
2024-01-27,,,,,,,,49.0,Neutral,Neutral
2024-01-28,11.0,18109.03,16.956,-0.00997,1.0,-225.27906545454545,0.0,54.0,Neutral,Neutral
2024-01-29,74.0,414208.18,15636.855511594595,0.4300205,2.0,6.5751694864864865,0.6081081081081081,55.0,Greed,Greed
2024-01-30,49.0,401011.38,27371.991836734695,0.624495,1.0,-3.5439630816326537,0.10204081632653061,61.0,Greed,Greed
2024-01-31,859.0,6305647.13,28200.90456028405,0.24519,1.0,-0.93113017112922,0.2689173457508731,60.0,Greed,Greed
2024-02-01,6.0,2008.18,0.07612616666666668,0.063029,1.0,0.0,0.0,63.0,Greed,Greed
2024-02-02,42.0,474278.43,15601.771341142858,0.5177805,1.0,10.867225547619048,0.30952380952380953,63.0,Greed,Greed
2024-02-03,56.0,603820.0,29939.640223214286,0.806587,1.0,3.9876640535714283,0.10714285714285714,60.0,Greed,Greed
2024-02-04,35.0,203187.53,12108.636457142857,0.578591,1.0,1.360682714285714,0.2571428571428571,60.0,Greed,Greed
2024-02-05,72.0,770198.26,15958.2223625,0.8957975,1.0,-0.4646415833333337,0.19444444444444445,60.0,Greed,Greed
2024-02-06,1088.0,8047153.41,22118.307961134193,0.0065955,1.0,-0.19817638511029412,0.1645220588235294,64.0,Greed,Greed
2024-02-07,15.0,6758.73,3.98582,-0.006211,1.0,16.082808,0.13333333333333333,62.0,Greed,Greed
2024-02-08,10.0,26051.12,10.0228845,-0.0092005,1.0,77.07560240000001,0.4,66.0,Greed,Greed
2024-02-09,,,,,,,,66.0,Greed,Greed
2024-02-10,,,,,,,,66.0,Greed,Greed
2024-02-11,34.0,212311.82,17890.449081970586,0.02457,1.0,28.924799294117648,0.20588235294117646,71.0,Greed,Greed
2024-02-12,16.0,227247.69999999998,28717.7418125,0.193631,1.0,57.11761168749999,0.375,70.0,Greed,Greed
2024-02-13,14.0,1999.99,0.06054285714285714,-0.0021015,1.0,39.960277857142856,1.0,79.0,Extreme Greed,Greed
2024-02-14,111.0,320839.88,5443.060992846847,0.012913,2.0,34.509908405405405,0.7477477477477478,74.0,Greed,Greed
2024-02-15,63.0,185188.04,2750.1658545873015,-0.000265,2.0,29.219010746031746,0.9047619047619048,72.0,Greed,Greed
2024-02-16,182.0,564896.51,696.7813038571429,-0.012209,2.0,30.174554032967034,0.8021978021978022,72.0,Greed,Greed
2024-02-17,94.0,406118.07,3403.646719574468,0.030416,2.0,20.52810425531915,0.648936170212766,76.0,Extreme Greed,Greed
2024-02-18,97.0,157048.17,3.395497731958763,-0.016365,1.0,4.923967319587628,0.6288659793814433,72.0,Greed,Greed
2024-02-19,101.0,286377.2,2068.0068288118814,-0.005532,2.0,42.750183792079206,0.7623762376237624,75.0,Extreme Greed,Greed
2024-02-20,39.0,119419.72,2681.8062438974357,-0.001968,2.0,83.68279035897436,0.7948717948717948,72.0,Greed,Greed
2024-02-21,22.0,108047.51999999999,27.589205454545457,-0.0080945,2.0,84.49084409090909,0.6818181818181818,78.0,Extreme Greed,Greed
2024-02-22,88.0,373033.87,1175.5737064772727,0.0011320000000000002,2.0,44.25119397727272,0.45454545454545453,74.0,Greed,Greed
2024-02-23,143.0,111106.14,725.5068307692308,-0.006229,1.0,9.91995055944056,0.958041958041958,76.0,Extreme Greed,Greed
2024-02-24,,,,,,,,76.0,Extreme Greed,Greed
2024-02-25,5.0,4480.13,0.5663259999999999,-0.016296,1.0,-6.1541,0.0,74.0,Greed,Greed
2024-02-26,39.0,192187.14,5.614911538461539,-0.010103,2.0,113.25249487179488,0.8717948717948718,72.0,Greed,Greed
2024-02-27,63.0,209362.3,36.161129396825395,-0.01332,2.0,14.103360841269842,0.4126984126984127,79.0,Extreme Greed,Greed
2024-02-28,45.0,171107.13,1.2982939111111111,-0.020072,1.0,55.63882744444444,0.8666666666666667,82.0,Extreme Greed,Greed
2024-02-29,116.0,395666.73,11.306912146551724,-0.020497,2.0,84.60342234482759,0.8620689655172413,80.0,Extreme Greed,Greed
2024-03-01,137.0,472974.7,2.725657408759124,-0.01994,1.0,60.176944591240876,0.9343065693430657,80.0,Extreme Greed,Greed
2024-03-02,31.0,63197.56,0.8005309032258064,-0.00055,2.0,7.448406451612905,0.6774193548387096,80.0,Extreme Greed,Greed
2024-03-03,79.0,390745.68,3.0333498607594938,-0.012428,1.0,105.83653474683545,0.6835443037974683,83.0,Extreme Greed,Greed
2024-03-04,300.0,1577996.87,419.88134141,-0.012625500000000001,2.0,92.66591914,0.8866666666666667,82.0,Extreme Greed,Greed
2024-03-05,180.0,841810.32,0.3816785944444444,-0.014318,1.0,109.95014467222222,0.9055555555555556,90.0,Extreme Greed,Greed
2024-03-06,82.0,327218.02,1.7171503902439025,-0.036140500000000006,1.0,83.10762364634145,0.8780487804878049,75.0,Extreme Greed,Greed
2024-03-07,,,,,,,,75.0,Extreme Greed,Greed
2024-03-08,67.0,183583.18,2.9131835970149256,-0.009651,1.0,63.7594960597015,0.8805970149253731,81.0,Extreme Greed,Greed
2024-03-09,117.0,658178.75,15.9975568974359,-0.011732,1.0,85.03847541880343,0.8290598290598291,84.0,Extreme Greed,Greed
2024-03-10,42.0,219973.85,34.630716666666665,-0.0073,1.0,59.117314285714286,0.6904761904761905,79.0,Extreme Greed,Greed
2024-03-11,42.0,176519.44999999998,2.647672619047619,0.0230845,1.0,85.43284511904761,0.9285714285714286,82.0,Extreme Greed,Greed
2024-03-12,8.0,103040.85,9.235375,0.37101500000000004,1.0,379.89575,0.875,81.0,Extreme Greed,Greed
2024-03-13,7.0,6000.799999999999,3979.957142857143,0.097808,1.0,0.0,0.0,81.0,Extreme Greed,Greed
2024-03-14,18.0,205933.18,252.0171572222222,0.2644,2.0,192.5481017777778,0.8888888888888888,88.0,Extreme Greed,Greed
2024-03-15,62.0,351894.41,502.81406972580646,0.24057,3.0,100.58892985483871,0.6612903225806451,83.0,Extreme Greed,Greed
2024-03-16,8.0,37223.66,2750.4022475,1.2250014999999999,2.0,28.57248,0.125,81.0,Extreme Greed,Greed
2024-03-17,23.0,99506.95,2191.606,0.701347,3.0,21.882345869565217,0.43478260869565216,79.0,Extreme Greed,Greed
2024-03-18,19.0,90458.08,2238.5484684210523,0.745286,3.0,76.68198421052631,0.3157894736842105,77.0,Extreme Greed,Greed
2024-03-19,24.0,219884.84,575.3537,0.5575749999999999,3.0,27.86658220833333,0.20833333333333334,79.0,Extreme Greed,Greed
2024-03-20,69.0,215705.85,193.64368536231885,0.149358,2.0,93.08890723188406,0.8695652173913043,74.0,Greed,Greed
2024-03-21,28.0,117895.57,124.34982285714285,0.075326,3.0,83.41100267857142,0.8214285714285714,78.0,Extreme Greed,Greed
2024-03-22,,,,,,,,78.0,Extreme Greed,Greed
2024-03-23,,,,,,,,78.0,Extreme Greed,Greed
2024-03-24,19.0,92592.20999999999,8.960757894736842,0.248062,1.0,68.26413036842105,0.7894736842105263,74.0,Greed,Greed
2024-03-25,7.0,57116.32,3582.2999999999997,2.175878,1.0,186.13091828571427,0.8571428571428571,75.0,Extreme Greed,Greed
2024-03-26,118.0,198565.19,219.49172627118645,0.048079,2.0,27.253445703389833,0.9322033898305084,81.0,Extreme Greed,Greed
2024-03-27,38.0,99864.79,13627.738306315789,0.2853775,2.0,3.9581878947368416,0.3157894736842105,83.0,Extreme Greed,Greed
2024-03-28,13.0,35323.72,803.983042,0.049436,2.0,17.527000615384615,0.6923076923076923,80.0,Extreme Greed,Greed
2024-03-29,15.0,86914.37,3541.54,1.055866,1.0,58.873160266666666,0.4,79.0,Extreme Greed,Greed
2024-03-30,45.0,101103.92,0.19727666666666666,0.059816,1.0,24.45722533333333,0.9777777777777777,75.0,Extreme Greed,Greed
2024-03-31,13.0,39912.96,3627.730769230769,0.190459,1.0,70.21431884615384,0.7692307692307693,75.0,Extreme Greed,Greed
2024-04-01,77.0,339470.47,1332.2278167402596,0.347788,2.0,32.57095332467532,0.5454545454545454,79.0,Extreme Greed,Greed
2024-04-02,41.0,239664.50999999998,3060.7089024390243,0.524597,2.0,21.555141756097562,0.2926829268292683,79.0,Extreme Greed,Greed
2024-04-03,4.0,16887.57,8.3283,0.33061799999999997,2.0,31.6971,0.25,71.0,Greed,Greed
2024-04-04,32.0,95987.73,3401.434375,0.336515,1.0,0.0,0.0,70.0,Greed,Greed
2024-04-05,100.0,503791.8,330.28005890000003,0.077946,3.0,107.06484306,0.9,79.0,Extreme Greed,Greed
2024-04-06,16.0,68223.67,3328.08125,0.7900565,1.0,14.770945874999999,0.25,75.0,Extreme Greed,Greed
2024-04-07,23.0,49988.14,3398.0043478260873,0.238322,1.0,0.0,0.0,78.0,Extreme Greed,Greed
2024-04-08,30.0,211940.64,3295.5374166666666,0.9165875,2.0,40.614223333333335,0.03333333333333333,76.0,Extreme Greed,Greed
2024-04-09,3.0,57063.840000000004,3501.3000000000006,3.56448,1.0,0.0,0.0,80.0,Extreme Greed,Greed
2024-04-10,41.0,351735.97,3433.4707317073166,1.399652,1.0,127.01081497560976,0.8780487804878049,78.0,Extreme Greed,Greed
2024-04-11,16.0,76400.96,3521.2125,0.6623345,1.0,24.35894775,0.125,76.0,Extreme Greed,Greed
2024-04-12,129.0,442088.59,555.2924815968992,0.23156,3.0,-4.594153790697676,0.5503875968992248,79.0,Extreme Greed,Greed
2024-04-13,89.0,486411.25,658.6612459887641,0.25287,2.0,74.3983343258427,0.6853932584269663,72.0,Greed,Greed
2024-04-14,107.0,659162.17,1787.6264255140186,0.313064,2.0,-337.4206777570094,0.308411214953271,72.0,Greed,Greed
2024-04-15,41.0,291111.19,230.87443634146342,0.119779,2.0,92.05094439024391,0.8536585365853658,74.0,Greed,Greed
2024-04-16,47.0,181907.17,0.8237938510638297,0.060018,2.0,52.504302574468085,0.9148936170212766,65.0,Greed,Greed
2024-04-17,14.0,97562.99,4.993378571428572,0.312974,1.0,174.39059999999998,0.9285714285714286,67.0,Greed,Greed
2024-04-18,,,,,,,,67.0,Greed,Greed
2024-04-19,35.0,337257.92000000004,3065.0228571428574,2.01488,1.0,55.61272748571429,0.7714285714285715,66.0,Greed,Greed
2024-04-20,22.0,60733.24,285.09828863636363,1.749995,2.0,0.0,0.0,66.0,Greed,Greed
2024-04-21,,,,,,,,66.0,Greed,Greed
2024-04-22,9.0,47993.61,3202.222222222222,1.196841,1.0,0.0,0.0,73.0,Greed,Greed
2024-04-23,66.0,233054.9,2616.430871212121,0.326812,2.0,16.962669636363636,0.5303030303030303,71.0,Greed,Greed
2024-04-24,20.0,141275.24,3230.17,2.6084875,1.0,13.95929535,0.3,72.0,Greed,Greed
2024-04-25,74.0,120241.01,251.67034283783786,0.17901499999999998,2.0,0.0,0.0,72.0,Greed,Greed
2024-04-26,3.0,4988.290000000001,0.12152,0.230991,1.0,0.0,0.0,70.0,Greed,Greed
2024-04-27,27.0,154264.47,3258.651851851852,1.024852,1.0,158.57363477777778,0.7037037037037037,67.0,Greed,Greed
2024-04-28,58.0,43985.6,451.9867443103448,0.093194,2.0,0.0,0.0,65.0,Greed,Greed
2024-04-29,45.0,108699.01,2245.884760888889,0.118845,2.0,11.709640799999999,0.37777777777777777,67.0,Greed,Greed
2024-04-30,24.0,125018.75,3023.15,0.700221,1.0,0.0,0.0,67.0,Greed,Greed
2024-05-01,14.0,87025.45,2916.8142857142857,1.7051115000000001,1.0,0.0,0.0,54.0,Neutral,Neutral
2024-05-02,,,,,,,,54.0,Neutral,Neutral
2024-05-03,36.0,282682.64999999997,1960.4601549999998,0.6969179999999999,3.0,147.3893623611111,0.4722222222222222,48.0,Neutral,Neutral
2024-05-04,9.0,58998.75,2089.1695403333333,1.397666,2.0,0.0,0.0,67.0,Greed,Greed
2024-05-05,6.0,24068.350000000002,2099.545833333333,0.088037,2.0,0.15266666666666667,0.16666666666666666,69.0,Greed,Greed
2024-05-06,9.0,206016.43,3109.866666666667,5.03537,1.0,107.62115333333333,0.4444444444444444,71.0,Greed,Greed
2024-05-07,18.0,108717.58,1715.215231,1.195997,3.0,49.08542738888889,0.5,68.0,Greed,Greed
2024-05-08,13.0,65973.57,2312.7117384615385,0.490001,2.0,0.12044307692307693,0.07692307692307693,64.0,Greed,Greed
2024-05-09,28.0,221966.12,2667.6832657142854,1.285742,2.0,40.985566285714285,0.39285714285714285,55.0,Greed,Greed
2024-05-10,22.0,156882.0,2946.254545454545,1.7542675,1.0,95.53371340909092,0.2727272727272727,66.0,Greed,Greed
2024-05-11,9.0,63248.95,2922.511111111111,0.525161,1.0,27.956082444444444,1.0,53.0,Neutral,Neutral
2024-05-12,23.0,55179.56,1272.34931,0.349975,2.0,0.0,0.0,56.0,Greed,Greed
2024-05-13,28.0,193118.9,2635.7705885714286,1.4100614999999999,2.0,76.31620925,0.35714285714285715,57.0,Greed,Greed
2024-05-14,23.0,145853.4,2912.1304347826085,1.208634,1.0,50.02275239130436,0.17391304347826086,66.0,Greed,Greed
2024-05-15,36.0,234922.57,2930.625,2.2234735,1.0,26.360293944444447,0.4722222222222222,64.0,Greed,Greed
2024-05-16,27.0,162620.96,2656.364285925926,0.629891,2.0,7.94777037037037,0.18518518518518517,70.0,Greed,Greed
2024-05-17,,,,,,,,70.0,Greed,Greed
2024-05-18,25.0,126303.14,3123.796,1.408483,1.0,140.89578644000002,0.64,73.0,Greed,Greed
2024-05-19,8.0,29998.09,3079.425,1.092516,1.0,0.0,0.0,72.0,Greed,Greed
2024-05-20,10.0,38124.75,2156.14175,0.7849415,2.0,-7.4818442,0.0,70.0,Greed,Greed
2024-05-21,125.0,1100948.59,14134.35288,1.144257,2.0,58.31518057599999,0.112,76.0,Extreme Greed,Greed
2024-05-22,6.0,44995.29,3733.3333333333335,2.3784225,1.0,0.0,0.0,76.0,Extreme Greed,Greed
2024-05-23,325.0,401850.6,1108.603136243077,0.194201,3.0,1.2718379353846154,0.4461538461538462,76.0,Extreme Greed,Greed
2024-05-24,2.0,50811.899999999994,3844.4,8.8920825,1.0,410.974639,1.0,74.0,Greed,Greed
2024-05-25,16.0,29991.129999999997,469.7218425,0.072187,2.0,0.8828774374999999,0.3125,76.0,Extreme Greed,Greed
2024-05-26,16.0,53976.67,496.56757500000003,0.361965,2.0,48.66774375,0.25,75.0,Extreme Greed,Greed
2024-05-27,251.0,151115.72,33.197340745019915,0.164997,1.0,4.499425776892431,0.35856573705179284,74.0,Greed,Greed
2024-05-28,,,,,,,,74.0,Greed,Greed
2024-05-29,164.0,84268.76,4235.211447786585,0.0776695,2.0,1.6938533719512194,0.4146341463414634,72.0,Greed,Greed
2024-05-30,7.0,2838.09,20348.618645714287,0.172599,1.0,2.9930618571428576,0.7142857142857143,73.0,Greed,Greed
2024-05-31,13.0,3636.14,2.152072923076923,0.077676,1.0,1.9506246153846154,0.3076923076923077,73.0,Greed,Greed
2024-06-01,25.0,12834.62,1.1308718,0.116548,1.0,3.66041676,0.36,72.0,Greed,Greed
2024-06-02,93.0,29464.51,1.0599227956989248,0.030544,1.0,2.074268247311828,0.3655913978494624,73.0,Greed,Greed
2024-06-03,70.0,21466.86,1.3030562857142858,0.022194,1.0,8.040117257142859,0.6285714285714286,73.0,Greed,Greed
2024-06-04,53.0,24243.41,13394.864554716982,0.094113,1.0,0.9851214716981133,0.4716981132075472,73.0,Greed,Greed
2024-06-05,54.0,25350.77,2682.9926944444446,0.1748155,1.0,1.038064925925926,0.2962962962962963,75.0,Extreme Greed,Greed
2024-06-06,234.0,137557.76,30.647596965811967,0.1931155,1.0,1.1716802863247862,0.42735042735042733,78.0,Extreme Greed,Greed
2024-06-07,440.0,1098588.76,1232.3513694545454,0.15530149999999998,3.0,20.23288049090909,0.4,77.0,Extreme Greed,Greed
2024-06-08,29.0,97351.88,10513.408993103449,0.660496,2.0,4.453063413793104,0.27586206896551724,72.0,Greed,Greed
2024-06-09,17.0,22410.22,1091.865705882353,0.01749,2.0,0.0,0.0,75.0,Extreme Greed,Greed
2024-06-10,53.0,46587.93,280.7776811320755,0.174516,2.0,0.589939716981132,0.33962264150943394,72.0,Greed,Greed
2024-06-11,123.0,373279.92,8924.726208861788,0.0175,3.0,35.12708789430894,0.13821138211382114,74.0,Greed,Greed
2024-06-12,254.0,193407.96,1364.4425952755905,0.193352,2.0,-86.16744682283463,0.08267716535433071,72.0,Greed,Greed
2024-06-13,79.0,132577.22,180.8725936708861,0.0028,2.0,83.95895082278481,0.24050632911392406,70.0,Greed,Greed
2024-06-14,31.0,139868.66,1759.0960645161292,0.301583,2.0,330.9223422258064,0.4838709677419355,74.0,Greed,Greed
2024-06-15,78.0,718350.25,2138.914496153846,1.5865605,2.0,43.20459417948718,0.48717948717948717,74.0,Greed,Greed
2024-06-16,11.0,25235.079999999998,4.114990909090909,0.678979,1.0,0.0,0.0,71.0,Greed,Greed
2024-06-17,38.0,368380.12,1595.9607578947368,2.1200975,2.0,278.9342730263158,0.6578947368421053,71.0,Greed,Greed
2024-06-18,25.0,263314.79,2787.8253600000003,2.007925,2.0,11.3030544,0.16,74.0,Greed,Greed
2024-06-19,61.0,417071.12,1563.7263098360656,0.11772,3.0,80.12552367213115,0.5081967213114754,64.0,Greed,Greed
2024-06-20,39.0,207990.8,374.05558,0.008073,3.0,1473.8065647692308,0.20512820512820512,60.0,Greed,Greed
2024-06-21,80.0,176264.49,877.39821875,0.006567,2.0,9.66947755,0.0375,63.0,Greed,Greed
2024-06-22,24.0,169594.27000000002,1765.2402375,0.055681499999999995,2.0,31.536523541666668,0.3333333333333333,53.0,Neutral,Neutral
2024-06-23,5.0,1792.12,3.09,0.039809,1.0,0.0,0.0,55.0,Greed,Greed
2024-06-24,31.0,403002.8,2708.8659548387095,2.018526,2.0,0.0,0.0,51.0,Neutral,Neutral
2024-06-25,49.0,103099.08,3.248285714285714,0.174144,1.0,99.3745531632653,0.22448979591836735,30.0,Fear,Fear
2024-06-26,72.0,365190.66000000003,1472.1298,0.00629,2.0,58.30183586111111,0.2916666666666667,46.0,Neutral,Neutral
2024-06-27,30.0,130486.95,1362.6499733333333,0.2181395,2.0,0.0,0.0,40.0,Fear,Fear
2024-06-28,,,,,,,,40.0,Fear,Fear
2024-06-29,75.0,280095.11,767.398007192,0.06928,2.0,82.0043486,0.32,30.0,Fear,Fear
2024-06-30,14.0,30520.69,724.8069907142857,0.0019995,2.0,0.0,0.0,47.0,Neutral,Neutral
2024-07-01,64.0,362670.14999999997,1312.7375605675,0.5491935,2.0,79.1537391875,0.40625,53.0,Neutral,Neutral
2024-07-02,18.0,33347.47,3.4119444444444444,0.0229725,1.0,134.514062,0.7222222222222222,51.0,Neutral,Neutral
2024-07-03,18.0,179600.66,2039.0916666666667,1.0351299999999999,2.0,62.132626888888886,0.2222222222222222,50.0,Neutral,Neutral
2024-07-04,25.0,430568.01,2795.886,2.40102,2.0,0.0,0.0,44.0,Fear,Fear
2024-07-05,32.0,272289.89,1837.889625,1.000639,2.0,0.0,0.0,29.0,Fear,Fear
2024-07-06,24.0,2490.17,1.10232597125,24.296075000000002,1.0,4.53634075,0.2916666666666667,26.0,Fear,Fear
2024-07-07,10.0,498.75,3.9900000000000007,0.00399,1.0,6.1428942,1.0,29.0,Fear,Fear
2024-07-08,1.0,497.64,3.19,0.0156,1.0,0.0,0.0,28.0,Fear,Fear
2024-07-09,15.0,2736.45,4.546446666666666,0.01978,1.0,43.265627466666665,1.0,27.0,Fear,Fear
2024-07-10,56.0,687900.21,2410.4582857142855,1.133067,2.0,213.88812333928573,0.6785714285714286,28.0,Fear,Fear
2024-07-11,19.0,169887.02,3151.1421052631576,3.142085,1.0,98.77958326315789,0.47368421052631576,29.0,Fear,Fear
2024-07-12,19.0,89582.97,1621.380905263158,1.093677,2.0,74.33235021052631,0.47368421052631576,25.0,Fear,Fear
2024-07-13,17.0,139189.19,2416.179635294118,1.918778,2.0,171.38928452941175,1.0,25.0,Fear,Fear
2024-07-14,7.0,84001.13,3194.1857142857143,4.199191,1.0,0.0,0.0,33.0,Fear,Fear
2024-07-15,26.0,198344.85,2752.5296153846157,1.8422365,2.0,-0.038461538461538464,0.0,52.0,Neutral,Neutral
2024-07-16,22.0,144000.57,3446.881818181818,1.749371,1.0,0.0,0.0,65.0,Greed,Greed
2024-07-17,351.0,626005.53,92.99230740740741,0.34986,3.0,5.297064037037037,0.4131054131054131,69.0,Greed,Greed
2024-07-18,60.0,649704.85,2995.8028266666665,1.099642,2.0,63.398071849999994,0.8,61.0,Greed,Greed
2024-07-19,23.0,150269.42,8050.626695652173,0.699761,2.0,93.73439626086956,0.5217391304347826,60.0,Greed,Greed
2024-07-20,266.0,244362.21,124.94923650375941,0.09924,2.0,8.643494609022557,0.12406015037593984,74.0,Greed,Greed
2024-07-21,448.0,234307.46,27.973419642857145,0.055472,2.0,-6.608743051339286,0.046875,74.0,Greed,Greed
2024-07-22,154.0,304213.8,481.8778051948052,0.055488,2.0,9.851427766233765,0.14285714285714285,70.0,Greed,Greed
2024-07-23,370.0,358526.54,23.578924594594596,0.0554935,3.0,242.9467627189189,0.8891891891891892,71.0,Greed,Greed
2024-07-24,83.0,69207.93,125.65679606481928,0.212285,5.0,7.5368852891566265,0.21686746987951808,69.0,Greed,Greed
2024-07-25,78.0,528555.31,2688.136446210769,1.244677,3.0,11.753054615384617,0.1282051282051282,68.0,Greed,Greed
2024-07-26,152.0,548587.65,826.2452972302632,0.3500405,4.0,18.200744164473683,0.40131578947368424,68.0,Greed,Greed
2024-07-27,56.0,905199.75,2974.995342857143,3.487293,2.0,114.29685099999999,0.75,72.0,Greed,Greed
2024-07-28,16.0,43254.68,607.7397125,0.213026,2.0,36.706189375,0.75,71.0,Greed,Greed
2024-07-29,39.0,327199.14,48349.08078974359,0.965002,2.0,8.482165487179486,0.41025641025641024,74.0,Greed,Greed
2024-07-30,6.0,36006.47,3295.4833333333336,2.289675,1.0,0.0,0.0,67.0,Greed,Greed
2024-07-31,43.0,84506.54,256.78039232558143,0.194013,2.0,17.806764744186047,0.32558139534883723,61.0,Greed,Greed
2024-08-01,57.0,227774.53,18740.473002526316,0.697626,4.0,2.9312283684210527,0.07017543859649122,52.0,Neutral,Neutral
2024-08-02,63.0,396320.37,14406.321016984128,0.874487,3.0,12.418542714285714,0.2698412698412698,57.0,Greed,Greed
2024-08-03,37.0,290532.86,2718.8256902127027,2.101704,5.0,12.545667567567568,0.02702702702702703,37.0,Fear,Fear
2024-08-04,127.0,1207744.07,11138.705859755904,0.60159,5.0,-965.9212667952756,0.023622047244094488,34.0,Fear,Fear
2024-08-05,80.0,420495.4,14847.670722625,0.77718,4.0,-162.6708146125,0.4125,26.0,Fear,Fear
2024-08-06,107.0,61478.38,1056.048024274299,0.01119,2.0,2.4982995140186914,0.12149532710280374,17.0,Extreme Fear,Fear
2024-08-07,23.0,2492.77,2.2354895217391304,0.01425,3.0,8.20822847826087,0.43478260869565216,29.0,Fear,Fear
2024-08-08,9.0,16299.35,520.3884688888888,0.116749,2.0,-4.5235796666666666,0.0,20.0,Extreme Fear,Fear
2024-08-09,144.0,503204.86,4675.996384345139,0.1749425,5.0,125.56993941666666,0.2986111111111111,48.0,Neutral,Neutral
2024-08-10,88.0,11339.29,1.8675185526136362,0.027998025000000003,2.0,0.0,0.0,40.0,Fear,Fear
2024-08-11,24.0,44230.21,892.9076233333334,1.86687,2.0,35.32402583333334,0.16666666666666666,39.0,Fear,Fear
2024-08-12,48.0,54167.32,855.5521279583332,0.494032,3.0,17.88896875,0.125,25.0,Fear,Fear
2024-08-13,22.0,20797.87,479.4040716363636,0.4514505,3.0,9.640046363636364,0.36363636363636365,31.0,Fear,Fear
2024-08-14,25.0,66710.03,971.82196148,1.86686,3.0,86.75606052,0.2,30.0,Fear,Fear
2024-08-15,12.0,1522.3700000000001,0.032253416666666666,1.86688,1.0,0.0,0.0,29.0,Fear,Fear
2024-08-16,35.0,166382.84,13243.149667228572,1.72164,2.0,23.578015542857145,0.08571428571428572,27.0,Fear,Fear
2024-08-17,30.0,30248.96,0.17191166666666666,0.24911,2.0,-9.609437100000001,0.0,25.0,Fear,Fear
2024-08-18,15.0,62804.48,2467.2810786666664,0.69985,2.0,20.480125866666665,0.8,31.0,Fear,Fear
2024-08-19,8.0,100315.03,58542.625,3.0978645,1.0,42.462447874999995,0.625,28.0,Fear,Fear
2024-08-20,12.0,49914.8,1739.2645333333332,0.6933445,2.0,16.050237,0.08333333333333333,30.0,Fear,Fear
2024-08-21,145.0,104990.41,141.46601248275863,0.21099,2.0,4.525523620689655,0.3724137931034483,26.0,Fear,Fear
2024-08-22,,,,,,,,26.0,Fear,Fear
2024-08-23,10.0,63509.56,2683.83,1.2933474999999999,1.0,100.53052699999999,0.3,34.0,Fear,Fear
2024-08-24,7.0,34999.67,46230.142857142855,0.697135,2.0,0.0,0.0,56.0,Greed,Greed
2024-08-25,17.0,21950.28,19585.087261176468,1.397771,2.0,0.0,0.0,54.0,Neutral,Neutral
2024-08-26,6.0,92611.27,2263.875,4.1999155,2.0,38.539486333333336,0.3333333333333333,55.0,Greed,Greed
2024-08-27,50.0,70250.16,372.7858502784,0.039365,2.0,0.0,0.0,48.0,Neutral,Neutral
2024-08-28,9.0,71160.06999999999,15309.777777777777,0.741691,2.0,148.15107166666667,0.2222222222222222,30.0,Fear,Fear
2024-08-29,1.0,9995.85,60802.0,3.498547,1.0,0.0,0.0,29.0,Fear,Fear
2024-08-30,6.0,37233.24,11097.769382833334,1.3113965,4.0,42.744,0.16666666666666666,34.0,Fear,Fear
2024-08-31,34.0,107507.43000000001,11030.937086423235,0.1749415,3.0,0.3200823823529412,0.35294117647058826,29.0,Fear,Fear
2024-09-01,12.0,12359.68,44.57331249999999,0.174885,1.0,11.452757750000002,0.4166666666666667,26.0,Fear,Fear
2024-09-02,2.0,30000.42,2426.1,5.250074,1.0,0.0,0.0,26.0,Fear,Fear
2024-09-03,,,,,,,,26.0,Fear,Fear
2024-09-04,34.0,131480.97,5402.028013264706,0.6724950000000001,2.0,31.346621529411763,0.14705882352941177,27.0,Fear,Fear
2024-09-05,1.0,0.84,7.79e-05,0.0,1.0,0.0,0.0,29.0,Fear,Fear
2024-09-06,42.0,39047.1,215.73034285714286,0.031753500000000004,2.0,-26.306113452380952,0.0,22.0,Extreme Fear,Fear
2024-09-07,,,,,,,,22.0,Extreme Fear,Fear
2024-09-08,1.0,0.11,0.11756,0.0,1.0,0.0,0.0,29.0,Fear,Fear
2024-09-09,2.0,4014.4300000000003,0.0115,17.45395,1.0,0.0,0.0,26.0,Fear,Fear
2024-09-10,3.0,2547.28,1557.6705000000002,0.516135,2.0,-73.24321966666666,0.0,33.0,Fear,Fear
2024-09-11,1.0,0.54,1.5e-05,0.0,1.0,0.0,0.0,37.0,Fear,Fear
2024-09-12,,,,,,,,37.0,Fear,Fear
2024-09-13,,,,,,,,37.0,Fear,Fear
2024-09-14,11.0,1014.8000000000001,0.010652363636363637,1.86684,2.0,0.0,0.0,50.0,Neutral,Neutral
2024-09-15,,,,,,,,50.0,Neutral,Neutral
2024-09-16,,,,,,,,50.0,Neutral,Neutral
2024-09-17,,,,,,,,50.0,Neutral,Neutral
2024-09-18,145.0,13633.5,3.120756620689655,0.03725,1.0,-6.059895131034483,0.0,45.0,Neutral,Neutral
2024-09-19,19.0,1521.8700000000001,0.9843423684210526,1.86683,1.0,0.0,0.0,49.0,Neutral,Neutral
2024-09-20,16.0,332873.38,17153.90225,1.710432,2.0,599.0646425,0.5,54.0,Neutral,Neutral
2024-09-21,23.0,165648.12,4.30038695652174,1.830832,1.0,1572.416057826087,1.0,54.0,Neutral,Neutral
2024-09-22,3.0,19999.739999999998,62701.0,2.090294,1.0,0.0,0.0,52.0,Neutral,Neutral
2024-09-23,2.0,40334.29,63672.0,7.058501000000001,1.0,167.380398,0.5,50.0,Neutral,Neutral
2024-09-24,10.0,7118.63,0.4286068,1.8036699999999999,2.0,0.0,0.0,54.0,Neutral,Neutral
2024-09-25,9.0,52754.130000000005,42295.14844444444,0.586515,2.0,0.0,0.0,59.0,Greed,Greed
2024-09-26,8.0,113711.93000000001,24173.9921375,0.7054575,2.0,54.976564125,0.25,50.0,Neutral,Neutral
2024-09-27,56.0,126097.04,11807.956114285715,0.007496,2.0,0.0,0.0,61.0,Greed,Greed
2024-09-28,4.0,29199.21,4.101,0.728405,1.0,0.0,0.0,64.0,Greed,Greed
2024-09-29,,,,,,,,64.0,Greed,Greed
2024-09-30,106.0,214669.85,6063.712550943396,0.013662,2.0,25.571946113207545,0.04716981132075472,61.0,Greed,Greed
2024-10-01,4.0,139954.32,62044.5,11.125525,1.0,0.0,0.0,50.0,Neutral,Neutral
2024-10-02,4.0,99954.34,60911.0,7.3342165,1.0,0.0,0.0,42.0,Fear,Fear
2024-10-03,9.0,132935.69,26799.238066666665,1.583766,2.0,11.152864666666666,0.3333333333333333,37.0,Fear,Fear
2024-10-04,1.0,0.34,0.0011,0.0,1.0,0.0,0.0,41.0,Fear,Fear
2024-10-05,37.0,605605.74,60568.594601856756,4.195272,2.0,155.86924032432432,0.6486486486486487,49.0,Neutral,Neutral
2024-10-06,22.0,300130.56,62166.40909090909,2.2228709999999996,1.0,5.9312308636363635,0.22727272727272727,50.0,Neutral,Neutral
2024-10-07,21.0,219984.65,63684.42857142857,1.182685,1.0,0.0,0.0,50.0,Neutral,Neutral
2024-10-08,36.0,434584.13,58825.33341509444,0.87199,2.0,149.90407327777777,0.9166666666666666,49.0,Neutral,Neutral
2024-10-09,14.0,220399.93,61800.92857142857,6.0020495,1.0,28.290194285714286,0.21428571428571427,49.0,Neutral,Neutral
2024-10-10,16.0,300024.33999999997,59323.25,7.3040115,1.0,0.0,0.0,39.0,Fear,Fear
2024-10-11,26.0,488904.19,59195.38462157692,5.695487,2.0,341.74336450000004,0.6923076923076923,32.0,Fear,Fear
2024-10-12,10.0,159713.4,62726.0,4.736135,1.0,54.155471,0.7,49.0,Neutral,Neutral
2024-10-13,10.0,60002.42,62778.2,1.4338665000000002,1.0,0.0,0.0,50.0,Neutral,Neutral
2024-10-14,5.0,61916.020000000004,64693.8,0.495645,1.0,382.72391600000003,1.0,48.0,Neutral,Neutral
2024-10-15,7.0,81173.36,66652.28571428571,3.500762,1.0,167.17515371428573,0.5714285714285714,65.0,Greed,Greed
2024-10-16,11.0,80229.17,67576.54545454546,2.100278,1.0,19.95280690909091,0.2727272727272727,73.0,Greed,Greed
2024-10-17,9.0,140531.75,67400.11111111111,3.499927,2.0,4.0127733333333335,0.1111111111111111,71.0,Greed,Greed
2024-10-18,6.0,120331.43000000001,67397.0,4.3664565,1.0,55.536523499999994,0.8333333333333334,73.0,Greed,Greed
2024-10-19,4.0,99996.86,68391.25,8.749398,1.0,0.0,0.0,72.0,Greed,Greed
2024-10-20,96.0,176447.86000000002,4280.33074875,0.09445400000000001,2.0,4.05370621875,0.11458333333333333,73.0,Greed,Greed
2024-10-21,173.0,324117.99,4316.762150867052,0.181713,2.0,14.248066843930635,0.3930635838150289,72.0,Greed,Greed
2024-10-22,3.0,60000.36,67047.0,10.290272,1.0,0.0,0.0,70.0,Greed,Greed
2024-10-23,18.0,210006.07,30954.322222222225,2.8014935,1.0,-2.5827745,0.0,71.0,Greed,Greed
2024-10-24,,,,,,,,71.0,Greed,Greed
2024-10-25,30.0,427883.18,56633.085333333336,2.1937385,2.0,441.19540236666666,0.7,72.0,Greed,Greed
2024-10-26,6.0,88668.86,2.6499333333333337,1.420617,1.0,7078.6656883333335,1.0,72.0,Greed,Greed
2024-10-27,4.0,90664.41,67737.75,6.117511,1.0,166.66557699999998,0.75,74.0,Greed,Greed
2024-10-28,13.0,121495.25,52838.49888384615,2.452633,2.0,12.867704769230771,0.3076923076923077,72.0,Greed,Greed
2024-10-29,53.0,613267.8099999999,51081.13156396226,0.832458,2.0,15.11643162264151,0.05660377358490566,72.0,Greed,Greed
2024-10-30,25.0,11830.85,646.6885008,0.174921,1.0,0.36600091999999995,0.28,77.0,Extreme Greed,Greed
2024-10-31,48.0,896173.36,42753.894183125,3.7231025,3.0,25.292579395833332,0.7083333333333334,77.0,Extreme Greed,Greed
2024-11-01,23.0,260981.03,27379.532136956524,0.874854,2.0,45.238075478260875,0.2608695652173913,75.0,Extreme Greed,Greed
2024-11-02,2.0,40000.0,68880.0,6.9999985,1.0,0.0,0.0,72.0,Greed,Greed
2024-11-03,6.0,129055.66,45208.04899166667,5.249351,2.0,0.0,0.0,74.0,Greed,Greed
2024-11-04,36.0,451811.97,49681.014294444445,2.658319,2.0,77.76140205555555,0.6388888888888888,70.0,Greed,Greed
2024-11-05,10.0,200627.23,67511.4,6.5853625000000005,1.0,67.8475928,0.5,70.0,Greed,Greed
2024-11-06,15.0,123906.9,58370.23423933333,2.388225,2.0,187.85581533333334,0.4666666666666667,70.0,Greed,Greed
2024-11-07,113.0,111335.3,1338.6989985840708,0.01618368,3.0,39.764187044247784,0.5309734513274337,77.0,Extreme Greed,Greed
2024-11-08,39.0,270700.44,46749.91446666667,0.673836,2.0,-1.6516292564102582,0.15384615384615385,75.0,Extreme Greed,Greed
2024-11-09,86.0,193384.41,8015.27303244186,0.09973850000000001,2.0,1.196615581395349,0.22093023255813954,75.0,Extreme Greed,Greed
2024-11-10,173.0,413636.7,22619.335545589594,0.388709,3.0,5.728984589595376,0.2947976878612717,78.0,Extreme Greed,Greed
2024-11-11,373.0,1570572.42,6882.198738908847,0.3203,4.0,18.09552545844504,0.24664879356568364,76.0,Extreme Greed,Greed
2024-11-12,171.0,1226354.52,33638.82797450292,0.61019,4.0,20.435084175438597,0.19883040935672514,80.0,Extreme Greed,Greed
2024-11-13,48.0,515336.37,46411.560992520834,0.5249625,5.0,163.46671404166668,0.5625,84.0,Extreme Greed,Greed
2024-11-14,110.0,1008361.81,33402.97117528182,0.29645,2.0,41.4864475,0.2545454545454545,88.0,Extreme Greed,Greed
2024-11-15,149.0,1427858.42,47181.7405247651,0.504036,4.0,27.790204281879195,0.3691275167785235,80.0,Extreme Greed,Greed
2024-11-16,157.0,303296.07,8005.464557764331,0.0875,4.0,17.640266936305732,0.3057324840764331,86.0,Extreme Greed,Greed
2024-11-17,209.0,1215987.57,13599.930072669855,0.149994,4.0,4.224762129186603,0.23444976076555024,90.0,Extreme Greed,Greed
2024-11-18,346.0,2084339.58,13431.133118797688,0.1939845,7.0,12.921431176300578,0.3583815028901734,83.0,Extreme Greed,Greed
2024-11-19,305.0,628031.15,15993.576337872131,0.174815,5.0,9.699242593442623,0.4918032786885246,90.0,Extreme Greed,Greed
2024-11-20,550.0,1999514.1199999999,9792.793397765454,0.417751,5.0,7.654714358181818,0.3981818181818182,83.0,Extreme Greed,Greed
2024-11-21,535.0,598300.62,7300.062138975701,0.174987,5.0,3.1634222261682243,0.308411214953271,82.0,Extreme Greed,Greed
2024-11-22,679.0,1646713.62,9893.695111284242,0.174833,6.0,-26.664721085419732,0.3078055964653903,94.0,Extreme Greed,Greed
2024-11-23,363.0,516245.68,4723.455523900826,0.174967,4.0,7.993200104683195,0.3526170798898072,93.0,Extreme Greed,Greed
2024-11-24,172.0,664952.28,19953.478843476743,0.194136,3.0,5.497385965116279,0.26744186046511625,80.0,Extreme Greed,Greed
2024-11-25,255.0,937410.87,14680.957598172548,0.035411,2.0,21.66172836862745,0.4117647058823529,82.0,Extreme Greed,Greed
2024-11-26,302.0,1146902.44,10192.743361337749,0.19252249999999999,4.0,3.6251965529801327,0.2913907284768212,79.0,Extreme Greed,Greed
2024-11-27,213.0,1444242.53,19940.432149488264,0.149734,2.0,-12.462420812206572,0.3474178403755869,75.0,Extreme Greed,Greed
2024-11-28,332.0,1894225.15,4420.7387338072285,0.33837649999999997,5.0,-382.75722766566264,0.32831325301204817,77.0,Extreme Greed,Greed
2024-11-29,393.0,794262.91,1859.8201062210942,0.055063,11.0,449.98726247328244,0.48854961832061067,78.0,Extreme Greed,Greed
2024-11-30,369.0,1732193.7,3472.37959113355,0.089235,8.0,101.12925073170732,0.4254742547425474,84.0,Extreme Greed,Greed
2024-12-01,416.0,814711.82,6389.235122030456,0.088186,9.0,98.28453003365385,0.53125,81.0,Extreme Greed,Greed
2024-12-02,268.0,585243.56,6183.161846526119,0.03499993,7.0,68.99106086940299,0.41044776119402987,80.0,Extreme Greed,Greed
2024-12-03,374.0,1084666.53,2354.399729529412,0.089832,8.0,63.03887509358289,0.4304812834224599,76.0,Extreme Greed,Greed
2024-12-04,319.0,769287.65,3922.991142316614,0.071976,7.0,918.1561599404388,0.46394984326018807,78.0,Extreme Greed,Greed
2024-12-05,456.0,1256750.79,4881.7428253070175,0.079619,8.0,156.96078615789474,0.4232456140350877,84.0,Extreme Greed,Greed
2024-12-06,403.0,3471019.22,15604.850347196028,0.083315,10.0,-229.83782604218362,0.23325062034739455,72.0,Greed,Greed
2024-12-07,304.0,451733.42,1359.7200135328949,0.046298000000000006,6.0,282.5864442993421,0.4309210526315789,75.0,Extreme Greed,Greed
2024-12-08,420.0,932939.72,1787.932218347619,0.049669000000000005,6.0,38.014127228571425,0.3619047619047619,79.0,Extreme Greed,Greed
2024-12-09,539.0,983949.68,3534.2818935269015,0.017458,10.0,11.708659881261596,0.31910946196660483,78.0,Extreme Greed,Greed
2024-12-10,1596.0,3150424.08,2885.2128903966163,0.0093355,11.0,24.640206911654136,0.5870927318295739,78.0,Extreme Greed,Greed
2024-12-11,1221.0,2194098.33,4356.6742505249795,0.009583,12.0,261.30348420720725,0.7125307125307125,74.0,Greed,Greed
2024-12-12,1932.0,4557189.87,2265.6843708274846,0.0024989849999999996,14.0,310.1199767122153,0.6997929606625258,83.0,Extreme Greed,Greed
2024-12-13,1173.0,2880824.64,4577.503724812446,0.02684497,11.0,27.22583268968457,0.40153452685422,76.0,Extreme Greed,Greed
2024-12-14,1235.0,2369561.78,2159.9074581732793,0.04798,12.0,135.87157833522267,0.47368421052631576,83.0,Extreme Greed,Greed
2024-12-15,1697.0,2583269.81,1595.8074837011786,0.029012,15.0,57.4692488385386,0.24572775486152032,80.0,Extreme Greed,Greed
2024-12-16,1051.0,2740808.97,3025.717848049334,0.037609,12.0,158.68158338058993,0.5090390104662227,83.0,Extreme Greed,Greed
2024-12-17,1940.0,5233597.63,1052.543387002464,0.0505675,15.0,113.1913944185567,0.4365979381443299,87.0,Extreme Greed,Greed
2024-12-18,1429.0,3798887.07,5035.001314213366,0.038151,13.0,9.575223703988803,0.36599020293911827,81.0,Extreme Greed,Greed
2024-12-19,3339.0,8241709.39,2950.7475688442946,0.024894,13.0,18.79125621024259,0.6148547469302186,75.0,Extreme Greed,Greed
2024-12-20,2487.0,7681274.71,1281.6683506039726,0.04799,15.0,102.52097307559309,0.5560916767189384,74.0,Greed,Greed
2024-12-21,1681.0,4382875.12,3657.2952470862583,0.051557,8.0,89.24578415050566,0.5496728138013087,73.0,Greed,Greed
2024-12-22,774.0,3087320.22,1463.3598931589147,0.0851885,8.0,455.03509557235145,0.4354005167958656,73.0,Greed,Greed
2024-12-23,2347.0,6771878.26,1741.0217452281254,0.04662299,14.0,-12.53967898466127,0.2901576480613549,70.0,Greed,Greed
2024-12-24,328.0,1767036.11,11709.091532137196,0.092331,11.0,45.16396376829268,0.3475609756097561,73.0,Greed,Greed
2024-12-25,208.0,347889.35,3392.6270428030766,0.052318,6.0,3.637774264423076,0.30288461538461536,73.0,Greed,Greed
2024-12-26,697.0,2205242.65,4755.660897423242,0.065342,7.0,86.41124780774749,0.5136298421807748,79.0,Extreme Greed,Greed
2024-12-27,260.0,347913.0,13201.857670753847,0.0451815,7.0,10.280042442307693,0.4230769230769231,74.0,Greed,Greed
2024-12-28,161.0,281555.01,4138.285644782609,0.034923,7.0,5.842693310559007,0.22981366459627328,72.0,Greed,Greed
2024-12-29,201.0,344628.54,7062.877761626865,0.055835,7.0,14.348596651741294,0.31840796019900497,73.0,Greed,Greed
2024-12-30,304.0,1073865.73,12587.64033930592,0.1020365,9.0,29.637296503289473,0.39473684210526316,65.0,Greed,Greed
2024-12-31,306.0,877164.62,28739.599964186276,0.08889,6.0,17.794159509803922,0.3006535947712418,64.0,Greed,Greed
2025-01-01,96.0,282582.1,8822.579264114584,0.031401495,6.0,-99.25068067708334,0.3020833333333333,66.0,Greed,Greed
2025-01-02,361.0,774674.84,10094.891613861495,0.077614,9.0,24.145482235457067,0.45706371191135736,70.0,Greed,Greed
2025-01-03,508.0,771208.99,9803.075828159448,0.0776185,9.0,11.867099986220472,0.27165354330708663,74.0,Greed,Greed
2025-01-04,371.0,1826029.6199999999,7797.149899172507,0.077587,9.0,6.882851665768194,0.20215633423180593,73.0,Greed,Greed
2025-01-05,239.0,451943.57,7824.165539405858,0.034919,8.0,13.337737920502093,0.41841004184100417,72.0,Greed,Greed
2025-01-06,573.0,556526.99,7217.135723097731,0.043684,7.0,10.583220581151831,0.15532286212914484,76.0,Extreme Greed,Greed
2025-01-07,637.0,1313178.1,9068.043705916796,0.056466,6.0,25.271942748822607,0.7613814756671899,78.0,Extreme Greed,Greed
2025-01-08,1039.0,3177275.18,6518.9895779990375,0.083341,11.0,125.23300342059672,0.37151106833493747,70.0,Greed,Greed
2025-01-09,522.0,1020733.25,6362.8980927356315,0.0776865,7.0,89.99220096168582,0.2777777777777778,69.0,Greed,Greed
2025-01-10,819.0,6547449.68,31588.405895721615,0.109808,7.0,-12.352717401709402,0.5274725274725275,50.0,Neutral,Neutral
2025-01-11,283.0,1658098.71,30131.135140431095,0.105972,7.0,8.017952424028268,0.24381625441696114,69.0,Greed,Greed
2025-01-12,602.0,2258459.17,12893.280709518272,0.0498725,7.0,9.538607646179402,0.7840531561461794,62.0,Greed,Greed
2025-01-13,408.0,2936648.0100000002,29317.207596281864,0.159879,11.0,23.66526801960784,0.3872549019607843,61.0,Greed,Greed
2025-01-14,275.0,876581.97,21343.217767563634,0.176451,9.0,58.43459038181818,0.49818181818181817,63.0,Greed,Greed
2025-01-15,267.0,1801599.8900000001,28411.1857780412,0.163205,11.0,55.50407602996255,0.4606741573033708,70.0,Greed,Greed
2025-01-16,371.0,3049692.96,30076.24313476011,0.089222,9.0,56.08546988679245,0.3423180592991914,75.0,Extreme Greed,Greed
2025-01-17,238.0,1110230.46,8905.736269495797,0.10736599999999999,8.0,29.43872104201681,0.5294117647058824,75.0,Extreme Greed,Greed
2025-01-18,651.0,2711629.88,9620.95311349616,0.102277,12.0,0.6808495883256523,0.38095238095238093,77.0,Extreme Greed,Greed
2025-01-19,1567.0,9715215.3,6104.771320986599,0.175054,15.0,56.10963580216975,0.20229738353541799,77.0,Extreme Greed,Greed
2025-01-20,1315.0,8287327.01,16330.118057409887,0.082737,15.0,66.37052408593155,0.5224334600760456,76.0,Extreme Greed,Greed
2025-01-21,530.0,1523729.82,19761.02999872815,0.06894600000000001,8.0,20.901583813207548,0.3867924528301887,76.0,Extreme Greed,Greed
2025-01-22,832.0,1778406.43,8344.303495522838,0.08354149999999999,10.0,24.66875968389423,0.28125,84.0,Extreme Greed,Greed
2025-01-23,1218.0,3697028.66,6983.956473275615,0.183772,12.0,83.13320374384236,0.6609195402298851,75.0,Extreme Greed,Greed
2025-01-24,873.0,1611433.45,5085.1043903871705,0.064507,11.0,12.145223067583046,0.5589919816723941,75.0,Extreme Greed,Greed
2025-01-25,506.0,1239377.7,3985.267088405138,0.088476,11.0,-20.450625011857706,0.27865612648221344,75.0,Extreme Greed,Greed
2025-01-26,451.0,1201173.66,18.065921855875832,0.194062,7.0,90.51766445232816,0.43458980044345896,73.0,Greed,Greed
2025-01-27,773.0,1508028.31,11661.276710637774,0.080448,15.0,53.469295461837,0.4760672703751617,71.0,Greed,Greed
2025-01-28,498.0,579412.17,6429.960821865462,0.0869055,8.0,36.103642516064255,0.6285140562248996,72.0,Greed,Greed
2025-01-29,910.0,1897513.41,581.4878012956043,0.19294250000000002,9.0,25.737375241758244,0.4164835164835165,72.0,Greed,Greed
2025-01-30,1067.0,3014397.17,8261.57404625867,0.205051,11.0,21.64711470009372,0.3467666354264292,70.0,Greed,Greed
2025-01-31,1016.0,2783411.48,6716.441229059054,0.1584155,11.0,35.303441705708664,0.5413385826771654,76.0,Extreme Greed,Greed
2025-02-01,634.0,1363746.44,4211.306208217666,0.100079,12.0,50.946695610410096,0.5962145110410094,68.0,Greed,Greed
2025-02-02,1318.0,5661092.29,5413.1927532974205,0.16105950000000002,13.0,123.56203309787556,0.3588770864946889,60.0,Greed,Greed
2025-02-03,2380.0,22592901.37,4859.416197735714,0.1216285,12.0,146.58459086932774,0.4634453781512605,44.0,Fear,Fear
2025-02-04,2512.0,15678409.27,15703.124947818073,0.10960400000000001,13.0,165.9541752070064,0.276671974522293,72.0,Greed,Greed
2025-02-05,1297.0,8743231.51,21926.164488164224,0.100991,11.0,43.721075992289904,0.3215111796453354,54.0,Neutral,Neutral
2025-02-06,1703.0,2818508.87,2869.875065266001,0.095556,11.0,19.84955944392249,0.46095126247798,49.0,Neutral,Neutral
2025-02-07,1524.0,3460263.54,23967.33330591798,0.0625735,13.0,14.730972500656167,0.2821522309711286,44.0,Fear,Fear
2025-02-08,575.0,839734.97,17096.856943027826,0.02109,10.0,1.0203534834782608,0.19130434782608696,44.0,Fear,Fear
2025-02-09,764.0,2920919.7,1661.4545370450262,0.02326,12.0,197.05736844502616,0.4306282722513089,46.0,Neutral,Neutral
2025-02-10,889.0,3624958.44,34318.415525228345,0.05034,14.0,71.88807047244094,0.4780652418447694,43.0,Fear,Fear
2025-02-11,848.0,2797544.17,19989.86707794811,0.051879499999999995,12.0,-7.186067001179245,0.21816037735849056,47.0,Neutral,Neutral
2025-02-12,1031.0,4143974.54,20122.266069995152,0.190763,12.0,19.251828353055284,0.4626576139670223,46.0,Neutral,Neutral
2025-02-13,1370.0,3199852.21,19088.377477377373,0.08906549999999999,11.0,20.313528640875912,0.4678832116788321,50.0,Neutral,Neutral
2025-02-14,1655.0,4007103.42,20052.512642015045,0.067442,15.0,129.22095184773414,0.42900302114803623,48.0,Neutral,Neutral
2025-02-15,932.0,1712852.95,11469.872673227468,0.0357345,12.0,48.32932082618026,0.4302575107296137,50.0,Neutral,Neutral
2025-02-16,681.0,806177.64,3744.413148171806,0.022104,10.0,3.4794103157121876,0.44052863436123346,54.0,Neutral,Neutral
2025-02-17,941.0,2031044.64,4732.56718405526,0.02493451,9.0,1.9325964877789585,0.22422954303931988,51.0,Neutral,Neutral
2025-02-18,1676.0,3371128.68,6687.4516690757755,0.0699295,11.0,54.418062292959426,0.5119331742243437,47.0,Neutral,Neutral
2025-02-19,1361.0,3263930.24,18063.043201803306,0.069926,10.0,11.010870463629685,0.4276267450404115,44.0,Fear,Fear
2025-02-20,2012.0,4628609.29,16106.864259217198,0.043349,11.0,22.867193887673956,0.47912524850894633,49.0,Neutral,Neutral
2025-02-21,1873.0,3972159.88,15982.61099378804,0.050512,14.0,63.904695114789114,0.5221569674319274,55.0,Greed,Greed
2025-02-22,686.0,3175570.2,16330.238533271136,0.1749545,10.0,36.849423,0.4970845481049563,49.0,Neutral,Neutral
2025-02-23,520.0,1141310.74,6653.326019425,0.06994700000000001,12.0,20.494104328846156,0.45,50.0,Neutral,Neutral
2025-02-24,5616.0,11223619.59,415.2820556340812,0.0227215,14.0,6.850102607193732,0.39672364672364674,49.0,Neutral,Neutral
2025-02-25,6246.0,19414984.36,1141.5425229423631,0.083943,18.0,32.782929400256165,0.260646813960935,25.0,Fear,Fear
2025-02-26,1176.0,4946958.13,1021.7923438341836,0.12170600000000001,13.0,53.76621014370748,0.6709183673469388,21.0,Extreme Fear,Fear
2025-02-27,890.0,1999898.43,3783.741142521348,0.150785,9.0,-41.039514064044944,0.27752808988764044,10.0,Extreme Fear,Fear
2025-02-28,1019.0,4123660.77,2374.567007783121,0.077605,13.0,221.4211077016683,0.3886162904808636,16.0,Extreme Fear,Fear
2025-03-01,174.0,263824.13,3119.315583793103,0.096956,5.0,60.897177977011495,0.4482758620689655,20.0,Extreme Fear,Fear
2025-03-02,532.0,6460848.74,9371.077831221804,0.302868,10.0,125.77879832330827,0.5018796992481203,26.0,Fear,Fear
2025-03-03,1482.0,8244590.38,3500.2799614203777,0.05086,14.0,415.9332201302294,0.6153846153846154,33.0,Fear,Fear
2025-03-04,2402.0,11124247.15,2545.786879941715,0.17501850000000002,16.0,75.80165136761032,0.25353871773522063,15.0,Extreme Fear,Fear
2025-03-05,1660.0,9193654.22,3657.355850823494,0.30952999999999997,13.0,162.24600356445782,0.7584337349397591,20.0,Extreme Fear,Fear
2025-03-06,760.0,6765324.96,5795.717284914474,0.211715,12.0,21.18569152763158,0.48026315789473684,25.0,Fear,Fear
2025-03-07,2552.0,19854275.48,4468.829034675548,0.22489150000000002,14.0,58.86993010462382,0.5223354231974922,34.0,Fear,Fear
2025-03-08,529.0,892083.51,3131.854198517958,0.094073,13.0,46.69333338185255,0.5689981096408318,28.0,Fear,Fear
2025-03-09,1422.0,10419697.99,806.5426083241913,0.174998,12.0,13.905384947257385,0.4409282700421941,27.0,Fear,Fear
2025-03-10,2911.0,16811790.68,2998.767983825833,0.150015,14.0,-3.438690233596702,0.39745791824115423,20.0,Extreme Fear,Fear
2025-03-11,3286.0,14016952.09,2341.3900885374314,0.0,16.0,-23.3964482763238,0.18746195982958003,24.0,Extreme Fear,Fear
2025-03-12,3968.0,18618139.15,4000.6491172159776,0.149473,13.0,72.60735489289314,0.5645161290322581,34.0,Fear,Fear
2025-03-13,962.0,3285591.22,5443.617843656964,0.16644150000000002,13.0,14.672422944906446,0.4573804573804574,45.0,Neutral,Neutral
2025-03-14,2210.0,8047187.16,4004.7944216610863,0.0,10.0,31.061610899999998,0.8538461538461538,27.0,Fear,Fear
2025-03-15,261.0,2355749.54,23597.128657252873,0.22096,8.0,301.51197154022987,0.5938697318007663,46.0,Neutral,Neutral
2025-03-16,530.0,10187921.51,50519.7275055283,0.30190799999999995,8.0,-14.926308575471696,0.2320754716981132,30.0,Fear,Fear
2025-03-17,920.0,3592895.05,9535.147864272825,0.100382,11.0,28.439028818478263,0.4532608695652174,32.0,Fear,Fear
2025-03-18,834.0,4050655.47,11904.990233124701,0.1289225,13.0,86.71797221103118,0.22541966426858512,34.0,Fear,Fear
2025-03-19,1612.0,4598813.57,15006.281201493797,0.10001850000000001,12.0,18.222507655707197,0.4162531017369727,32.0,Fear,Fear
2025-03-20,771.0,1652257.93,2358.06017454345,0.150001,13.0,13.290349463035021,0.4085603112840467,49.0,Neutral,Neutral
2025-03-21,698.0,2543903.39,4097.717261760745,0.149981,9.0,9.958840077363897,0.5,31.0,Fear,Fear
2025-03-22,535.0,971809.42,3803.037827611215,0.166277,8.0,23.361748138317758,0.4747663551401869,32.0,Fear,Fear
2025-03-23,447.0,2593519.67,5709.453012297539,0.133558,10.0,31.425999071588368,0.32662192393736017,30.0,Fear,Fear
2025-03-24,1027.0,3017587.05,3414.229185942551,0.149974,13.0,105.04280555111977,0.6153846153846154,45.0,Neutral,Neutral
2025-03-25,791.0,5372519.77,11769.79868919722,0.149991,13.0,40.49419314791403,0.3615676359039191,46.0,Neutral,Neutral
2025-03-26,3102.0,7597754.37,1063.4996657601548,0.1616695,17.0,5.094186791424887,0.27111540941328177,47.0,Neutral,Neutral
2025-03-27,785.0,3240279.46,9118.37818057707,0.149983,11.0,74.9367633388535,0.33375796178343947,40.0,Fear,Fear
2025-03-28,728.0,1483092.61,7612.338172063187,0.149969,11.0,29.30931227335165,0.3173076923076923,44.0,Fear,Fear
2025-03-29,1894.0,3668151.83,2414.803543719641,0.120294,10.0,6.38800049155227,0.3558606124604013,26.0,Fear,Fear
2025-03-30,568.0,2850874.96,7603.879054272887,0.15531850000000003,9.0,27.8083013028169,0.16549295774647887,32.0,Fear,Fear
2025-03-31,495.0,2164772.4699999997,8426.110126818183,0.077779,12.0,14.097342539393939,0.5232323232323233,34.0,Fear,Fear
2025-04-01,192.0,704445.1900000001,11425.36599246875,0.149971,9.0,-11.472199177083334,0.4583333333333333,34.0,Fear,Fear
2025-04-02,1076.0,3867930.6,7414.856134767658,0.17497000000000001,11.0,187.930056633829,0.8949814126394052,44.0,Fear,Fear
2025-04-03,1748.0,8670233.15,4420.623526697368,0.138763,17.0,-1.353524757437071,0.2974828375286041,25.0,Fear,Fear
2025-04-04,1272.0,3835545.73,4732.811766900943,0.12355849999999999,14.0,-20.05949602987421,0.38757861635220126,28.0,Fear,Fear
2025-04-05,360.0,1267564.22,10940.511464127778,0.1539085,10.0,99.74260475,0.5805555555555556,30.0,Fear,Fear
2025-04-06,1048.0,3551252.06,4081.8439489007637,0.1276815,14.0,44.89832945801527,0.31679389312977096,34.0,Fear,Fear
2025-04-07,2814.0,14460253.14,10523.865138202558,0.0909935,18.0,12.269854408315563,0.23916133617626156,23.0,Extreme Fear,Fear
2025-04-08,943.0,8869391.4,31685.96511792683,0.191618,17.0,37.00890222481442,0.4093319194061506,24.0,Extreme Fear,Fear
2025-04-09,3967.0,28556806.47,13917.529131650617,0.100075,20.0,10.86978694151752,0.43055205444920597,18.0,Extreme Fear,Fear
2025-04-10,2127.0,28741953.29,39246.50578036154,0.169556,19.0,74.40612236060178,0.5289139633286318,39.0,Fear,Fear
2025-04-11,1096.0,11319327.07,18896.037772089418,0.0903555,16.0,115.33437872354014,0.3357664233576642,25.0,Fear,Fear
2025-04-12,2109.0,55914617.49,52901.409214082974,0.324425,20.0,194.60393292223802,0.2721669037458511,43.0,Fear,Fear
2025-04-13,1321.0,14171154.79,32683.551292376986,0.086152,17.0,36.86299888039364,0.3618470855412566,45.0,Neutral,Neutral
2025-04-14,890.0,13079972.98,32893.321598730334,0.174284,14.0,51.32634052022472,0.42247191011235957,31.0,Fear,Fear
2025-04-15,1131.0,20752168.24,63863.56281482317,0.0,14.0,63.976751796640144,0.5720601237842617,38.0,Fear,Fear
2025-04-16,1608.0,36502715.9,48069.123414856964,0.107711,17.0,36.46251881654229,0.3401741293532338,29.0,Fear,Fear
2025-04-17,1031.0,2604551.51,1747.3123040737148,0.141356,12.0,5.264713759456837,0.30358874878758485,30.0,Fear,Fear
2025-04-18,1894.0,24610650.46,15666.24511019377,0.1399535,12.0,2.576771248152059,0.5126715945089757,33.0,Fear,Fear
2025-04-19,2786.0,32706462.71,16014.825865230438,0.1512085,15.0,25.82576363783202,0.2921751615218952,32.0,Fear,Fear
2025-04-20,1982.0,12126094.05,7953.09440782997,0.104995,12.0,12.643966668012109,0.3985872855701312,37.0,Fear,Fear
2025-04-21,1718.0,42104054.84,41859.99143913446,0.127975,14.0,20.005394590803256,0.3940628637951106,39.0,Fear,Fear
2025-04-22,2998.0,33753625.24,15070.37095092762,0.143951,15.0,19.563963835223483,0.2961974649766511,47.0,Neutral,Neutral
2025-04-23,6159.0,30682443.79,12725.948066658386,0.055499,19.0,-68.03380836678032,0.324728040266277,72.0,Greed,Greed
2025-04-24,2232.0,35088918.64,42081.60551729973,0.11556,15.0,22.717023281810036,0.4135304659498208,63.0,Greed,Greed
2025-04-25,1653.0,27749455.78,33876.77419571567,0.144265,16.0,12.231614764670297,0.38596491228070173,60.0,Greed,Greed
2025-04-26,1131.0,11948127.77,24357.80254500265,0.04525,12.0,-3.6478814694960215,0.1724137931034483,65.0,Greed,Greed
2025-04-27,337.0,487537.69,13133.751885486648,0.015788,9.0,8.018004356083086,0.3560830860534125,61.0,Greed,Greed
2025-04-28,1379.0,26124921.49,58469.14186169688,0.237139,8.0,26.763461754169686,0.4169688179840464,54.0,Neutral,Neutral
2025-04-29,2243.0,34089511.66,28548.785993098085,0.14118,7.0,56.06313572313866,0.43201069995541685,60.0,Greed,Greed
2025-04-30,1113.0,12693878.85,35649.303644469,0.11504,8.0,12.582028094339623,0.26504941599281223,56.0,Greed,Greed
2025-05-01,1230.0,10720240.52,12672.104182341463,0.145299,11.0,44.338885607317074,0.43089430894308944,53.0,Neutral,Neutral
